,close,date,high,low,open
0,15.981,2022-12-21 00:00:00,15.9845,15.975,15.9755
1,16.015,2022-12-21 00:05:00,16.019,15.981,15.9815
2,15.921,2022-12-21 00:10:00,16.016,15.9185,16.016
3,15.924,2022-12-21 00:15:00,15.9335,15.8825,15.9185
4,15.929,2022-12-21 00:20:00,15.939,15.9135,15.9235
5,15.952,2022-12-21 00:25:00,15.9575,15.929,15.9405
6,15.9925,2022-12-21 00:30:00,15.993500000000001,15.951,15.9515
7,15.956,2022-12-21 00:35:00,15.993500000000001,15.9535,15.993
8,15.938,2022-12-21 00:40:00,15.971,15.9225,15.955
9,15.8895,2022-12-21 00:45:00,15.949,15.887,15.9415
10,15.857,2022-12-21 00:50:00,15.8895,15.832,15.8875
11,15.866,2022-12-21 00:55:00,15.8725,15.8475,15.8565
12,15.8755,2022-12-21 01:00:00,15.882,15.8385,15.864
13,15.8805,2022-12-21 01:05:00,15.8885,15.8715,15.8765
14,15.889,2022-12-21 01:10:00,15.908,15.8805,15.881
15,15.8955,2022-12-21 01:15:00,15.9045,15.8865,15.8885
16,15.8615,2022-12-21 01:20:00,15.896,15.8595,15.896
17,15.868500000000001,2022-12-21 01:25:00,15.8785,15.8615,15.862
18,15.8745,2022-12-21 01:30:00,15.875,15.8585,15.868
19,15.879,2022-12-21 01:35:00,15.879,15.8735,15.874
20,15.8825,2022-12-21 01:40:00,15.8935,15.8795,15.8865
21,15.8725,2022-12-21 01:45:00,15.885,15.8675,15.8805
22,15.867,2022-12-21 01:50:00,15.8725,15.858,15.872
23,15.8765,2022-12-21 01:55:00,15.887,15.8655,15.868
24,15.836500000000001,2022-12-21 02:00:00,15.873,15.836,15.8725
25,15.838,2022-12-21 02:05:00,15.8385,15.8225,15.8385
26,15.8625,2022-12-21 02:10:00,15.864,15.838,15.8455
27,15.849,2022-12-21 02:15:00,15.8625,15.849,15.862
28,15.824,2022-12-21 02:20:00,15.8525,15.8165,15.850999999999999
29,15.834,2022-12-21 02:25:00,15.835,15.822,15.8235
30,15.829,2022-12-21 02:30:00,15.8325,15.828,15.8325
31,15.83,2022-12-21 02:35:00,15.8335,15.826,15.828
32,15.82,2022-12-21 02:40:00,15.8295,15.8185,15.8295
33,15.7775,2022-12-21 02:45:00,15.8205,15.763,15.8205
34,15.7805,2022-12-21 02:50:00,15.7845,15.768,15.7725
35,15.781,2022-12-21 02:55:00,15.784,15.7805,15.7825
36,15.7825,2022-12-21 03:00:00,15.784,15.7775,15.782
37,15.7195,2022-12-21 03:05:00,15.782,15.7015,15.782
38,15.7365,2022-12-21 03:10:00,15.7425,15.6955,15.719
39,15.738,2022-12-21 03:15:00,15.7415,15.7315,15.7415
40,15.742,2022-12-21 03:20:00,15.7425,15.7375,15.7385
41,15.7425,2022-12-21 03:25:00,15.744,15.7335,15.7415
42,15.7375,2022-12-21 03:30:00,15.744,15.7205,15.7415
43,15.752,2022-12-21 03:35:00,15.7565,15.7375,15.738
44,15.738,2022-12-21 03:40:00,15.758,15.7375,15.7505
45,15.7465,2022-12-21 03:45:00,15.7495,15.7325,15.7375
46,15.7345,2022-12-21 03:50:00,15.7465,15.7335,15.746
47,15.758,2022-12-21 03:55:00,15.7635,15.728,15.7355
48,15.7295,2022-12-21 04:00:00,15.747,15.729,15.736
49,15.725,2022-12-21 04:05:00,15.73,15.7225,15.73
50,15.676,2022-12-21 04:10:00,15.725,15.6685,15.7205
51,15.6945,2022-12-21 04:15:00,15.6945,15.6715,15.6715
52,15.6515,2022-12-21 04:20:00,15.6965,15.650500000000001,15.695
53,15.6695,2022-12-21 04:25:00,15.671,15.6455,15.652
54,15.674,2022-12-21 04:30:00,15.6775,15.663,15.6685
55,15.6755,2022-12-21 04:35:00,15.6905,15.6735,15.6745
56,15.6495,2022-12-21 04:40:00,15.6735,15.6495,15.6735
57,15.6735,2022-12-21 04:45:00,15.68,15.6335,15.653
58,15.667,2022-12-21 04:50:00,15.6735,15.657,15.6725
59,15.6245,2022-12-21 04:55:00,15.666,15.6245,15.665
60,15.617,2022-12-21 05:00:00,15.62,15.5795,15.6125
61,15.6425,2022-12-21 05:05:00,15.643,15.6145,15.6175
62,15.647,2022-12-21 05:10:00,15.647,15.641,15.643
63,15.646,2022-12-21 05:15:00,15.650500000000001,15.645,15.6465
64,15.6685,2022-12-21 05:20:00,15.669,15.646,15.6465
65,15.679,2022-12-21 05:25:00,15.6835,15.668,15.668
66,15.6905,2022-12-21 05:30:00,15.6945,15.6795,15.6795
67,15.6915,2022-12-21 05:35:00,15.6995,15.6865,15.6915
68,15.701,2022-12-21 05:40:00,15.702,15.691,15.691
69,15.713,2022-12-21 05:45:00,15.7345,15.6985,15.7015
70,15.729,2022-12-21 05:50:00,15.7405,15.693,15.7125
71,15.7275,2022-12-21 05:55:00,15.7305,15.7275,15.73
72,15.727,2022-12-21 06:00:00,15.7355,15.7225,15.7285
73,15.715,2022-12-21 06:05:00,15.721,15.7045,15.721
74,15.7165,2022-12-21 06:10:00,15.72,15.703,15.7135
75,15.718,2022-12-21 06:15:00,15.725,15.7175,15.7175
76,15.7365,2022-12-21 06:20:00,15.7375,15.716,15.716
77,15.7605,2022-12-21 06:25:00,15.761,15.7355,15.7375
78,15.7615,2022-12-21 06:30:00,15.7615,15.7605,15.761
79,15.771,2022-12-21 06:35:00,15.784,15.761,15.761
80,15.76,2022-12-21 06:40:00,15.771,15.76,15.7675
81,15.759,2022-12-21 06:45:00,15.7625,15.7575,15.7625
82,15.7565,2022-12-21 06:50:00,15.7595,15.7565,15.7585
83,15.7575,2022-12-21 06:55:00,15.7575,15.7565,15.757
84,15.7605,2022-12-21 07:00:00,15.7605,15.7555,15.7585
85,15.787,2022-12-21 07:05:00,15.7995,15.7585,15.761
86,15.828,2022-12-21 07:10:00,15.833,15.787,15.7875
87,15.8235,2022-12-21 07:15:00,15.8315,15.82,15.829
88,15.7995,2022-12-21 07:20:00,15.826,15.799,15.8245
89,15.813,2022-12-21 07:25:00,15.8185,15.794,15.8035
90,15.799,2022-12-21 07:30:00,15.8135,15.799,15.8135
91,15.809,2022-12-21 07:35:00,15.8135,15.7935,15.7985
92,15.809,2022-12-21 07:40:00,15.8105,15.8065,15.8065
93,15.84,2022-12-21 07:45:00,15.841,15.809,15.819
94,15.8375,2022-12-21 07:50:00,15.84,15.8375,15.839
95,15.842,2022-12-21 07:55:00,15.842,15.8375,15.8395
96,15.838,2022-12-21 08:00:00,15.842,15.8375,15.841
97,15.8375,2022-12-21 08:05:00,15.8395,15.8375,15.8395
98,15.8795,2022-12-21 08:10:00,15.8795,15.8375,15.842
99,15.8775,2022-12-21 08:15:00,15.8885,15.871,15.8825
100,15.8615,2022-12-21 08:20:00,15.8805,15.8505,15.879
101,15.8795,2022-12-21 08:25:00,15.8795,15.8635,15.8635
102,15.896,2022-12-21 08:30:00,15.8965,15.878,15.879
103,15.9745,2022-12-21 08:35:00,15.9755,15.8975,15.8975
104,16.459,2022-12-21 08:40:00,16.473,15.9755,15.9755
105,16.5735,2022-12-21 08:45:00,16.5915,16.4045,16.485500000000002
106,16.6645,2022-12-21 08:50:00,16.7005,16.567,16.575
107,16.645,2022-12-21 08:55:00,16.738,16.624,16.658
108,16.5995,2022-12-21 09:00:00,16.6475,16.541,16.6475
109,16.6765,2022-12-21 09:05:00,16.702,16.565,16.5965
110,16.683,2022-12-21 09:10:00,16.7345,16.67,16.6805
111,16.5855,2022-12-21 09:15:00,16.687,16.5845,16.685
112,16.5515,2022-12-21 09:20:00,16.6075,16.55,16.5845
113,16.5535,2022-12-21 09:25:00,16.576,16.537,16.549
114,16.463,2022-12-21 09:30:00,16.5535,16.4605,16.5535
115,16.439,2022-12-21 09:35:00,16.4775,16.4255,16.4625
116,16.436,2022-12-21 09:40:00,16.4685,16.4265,16.437
117,16.546,2022-12-21 09:45:00,16.568,16.4375,16.4375
118,16.503,2022-12-21 09:50:00,16.5465,16.4865,16.5465
119,16.53,2022-12-21 09:55:00,16.53,16.4945,16.5035
120,16.4725,2022-12-21 10:00:00,16.5375,16.449,16.5295
121,16.394,2022-12-21 10:05:00,16.4785,16.392,16.477
122,16.3515,2022-12-21 10:10:00,16.407,16.3515,16.392
123,16.348,2022-12-21 10:15:00,16.3685,16.34,16.3555
124,16.3845,2022-12-21 10:20:00,16.394,16.339,16.3465
125,16.4135,2022-12-21 10:25:00,16.4135,16.3705,16.377
126,16.4085,2022-12-21 10:30:00,16.421,16.394,16.4055
127,16.416,2022-12-21 10:35:00,16.426,16.391,16.408
128,16.422,2022-12-21 10:40:00,16.474,16.4185,16.4185
129,16.4365,2022-12-21 10:45:00,16.4365,16.4015,16.4215
130,16.434,2022-12-21 10:50:00,16.458,16.43,16.4375
131,16.461,2022-12-21 10:55:00,16.475,16.424,16.435
132,16.481,2022-12-21 11:00:00,16.484,16.4365,16.4605
133,16.526,2022-12-21 11:05:00,16.526,16.47,16.4815
134,16.527,2022-12-21 11:10:00,16.531,16.505,16.5255
135,16.4325,2022-12-21 11:15:00,16.525,16.415,16.522
136,16.482,2022-12-21 11:20:00,16.49,16.4325,16.439
137,16.5005,2022-12-21 11:25:00,16.5255,16.4815,16.4815
138,16.485500000000002,2022-12-21 11:30:00,16.527,16.4755,16.5
139,16.468,2022-12-21 11:35:00,16.505,16.4675,16.486
140,16.498,2022-12-21 11:40:00,16.4985,16.4675,16.4685
141,16.5095,2022-12-21 11:45:00,16.5195,16.498,16.4985
142,16.4895,2022-12-21 11:50:00,16.511,16.4795,16.51
143,16.524,2022-12-21 11:55:00,16.526,16.4965,16.5025
144,16.453,2022-12-21 12:00:00,16.528,16.4505,16.528
145,16.4145,2022-12-21 12:05:00,16.4585,16.412,16.454
146,16.43,2022-12-21 12:10:00,16.445,16.415,16.415
147,16.4355,2022-12-21 12:15:00,16.449,16.428,16.432
148,16.4295,2022-12-21 12:20:00,16.446,16.429,16.436
149,16.419,2022-12-21 12:25:00,16.4295,16.411,16.4255
150,16.411,2022-12-21 12:30:00,16.4335,16.4025,16.4195
151,16.404,2022-12-21 12:35:00,16.411,16.4005,16.41
152,16.4005,2022-12-21 12:40:00,16.4015,16.4005,16.401
153,16.4215,2022-12-21 12:45:00,16.435,16.4005,16.404
154,16.402,2022-12-21 12:50:00,16.4215,16.3995,16.419
155,16.3895,2022-12-21 12:55:00,16.417,16.389,16.4025
156,16.424,2022-12-21 13:00:00,16.427,16.3895,16.39
157,16.4215,2022-12-21 13:05:00,16.4345,16.404,16.425
158,16.462,2022-12-21 13:10:00,16.481,16.4215,16.422
159,16.479,2022-12-21 13:15:00,16.495,16.461,16.463
160,16.4475,2022-12-21 13:20:00,16.479,16.445,16.4755
161,16.423,2022-12-21 13:25:00,16.4505,16.415,16.4505
162,16.455,2022-12-21 13:30:00,16.4635,16.4125,16.4265
163,16.472,2022-12-21 13:35:00,16.522,16.453,16.4535
164,16.508,2022-12-21 13:40:00,16.527,16.4635,16.4735
165,16.4865,2022-12-21 13:45:00,16.5075,16.482,16.5075
166,16.5025,2022-12-21 13:50:00,16.5025,16.4715,16.4875
167,16.497,2022-12-21 13:55:00,16.5015,16.4865,16.4965
168,16.489,2022-12-21 14:00:00,16.509,16.4845,16.498
169,16.4615,2022-12-21 14:05:00,16.485,16.456,16.4835
170,16.4685,2022-12-21 14:10:00,16.469,16.453,16.4585
171,16.4905,2022-12-21 14:15:00,16.498,16.469,16.469
172,16.485500000000002,2022-12-21 14:20:00,16.4905,16.4665,16.49
173,16.5115,2022-12-21 14:25:00,16.5115,16.484,16.486
174,16.4695,2022-12-21 14:30:00,16.568,16.4635,16.519
175,16.5345,2022-12-21 14:35:00,16.535,16.4695,16.4705
176,16.541,2022-12-21 14:40:00,16.57,16.512,16.533
177,16.5615,2022-12-21 14:45:00,16.636,16.541,16.5415
178,16.519,2022-12-21 14:50:00,16.5615,16.518,16.5605
179,16.434,2022-12-21 14:55:00,16.528,16.396,16.524
180,16.467,2022-12-21 15:00:00,16.481,16.423,16.428
181,16.651,2022-12-21 15:05:00,16.722,16.4665,16.4665
182,16.5835,2022-12-21 15:10:00,16.6625,16.583,16.657
183,16.566,2022-12-21 15:15:00,16.610500000000002,16.566,16.583
184,16.6095,2022-12-21 15:20:00,16.611,16.544,16.5665
185,16.6315,2022-12-21 15:25:00,16.67,16.61,16.61
186,16.668,2022-12-21 15:30:00,16.669,16.6235,16.639
187,16.68,2022-12-21 15:35:00,16.7785,16.6575,16.669
188,16.609,2022-12-21 15:40:00,16.6805,16.6085,16.6805
189,16.576,2022-12-21 15:45:00,16.6185,16.5675,16.6085
190,16.5585,2022-12-21 15:50:00,16.576,16.5555,16.5755
191,16.5925,2022-12-21 15:55:00,16.603,16.559,16.559
192,16.56,2022-12-21 16:00:00,16.609,16.55,16.593
193,16.5495,2022-12-21 16:05:00,16.5625,16.5375,16.5615
194,16.5495,2022-12-21 16:10:00,16.565,16.5415,16.55
195,16.491,2022-12-21 16:15:00,16.5495,16.491,16.549
196,16.503,2022-12-21 16:20:00,16.513,16.4915,16.4915
197,16.4985,2022-12-21 16:25:00,16.503,16.4985,16.5025
198,16.5175,2022-12-21 16:30:00,16.5465,16.498,16.498
199,16.497,2022-12-21 16:35:00,16.518,16.497,16.518
200,16.4985,2022-12-21 16:40:00,16.5035,16.469,16.4975
201,16.4755,2022-12-21 16:45:00,16.509,16.4755,16.5075
202,16.458,2022-12-21 16:50:00,16.4805,16.458,16.476
203,16.435,2022-12-21 16:55:00,16.4595,16.4345,16.4585
204,16.408,2022-12-21 17:00:00,16.439,16.402,16.4385
205,16.4335,2022-12-21 17:05:00,16.4405,16.408,16.4085
206,16.447,2022-12-21 17:10:00,16.449,16.4335,16.434
207,16.4375,2022-12-21 17:15:00,16.4455,16.4375,16.4455
208,16.436,2022-12-21 17:20:00,16.4375,16.428,16.4365
209,16.4145,2022-12-21 17:25:00,16.4335,16.4125,16.4315
210,16.414,2022-12-21 17:30:00,16.4185,16.4095,16.4095
211,16.4345,2022-12-21 17:35:00,16.435,16.414,16.416
212,16.4405,2022-12-21 17:40:00,16.453,16.4345,16.435
213,16.437,2022-12-21 17:45:00,16.4405,16.433,16.4335
214,16.468,2022-12-21 17:50:00,16.468,16.437,16.4375
215,16.4755,2022-12-21 17:55:00,16.483,16.4615,16.466
216,16.491,2022-12-21 18:00:00,16.491,16.4605,16.476
217,16.4745,2022-12-21 18:05:00,16.486,16.472,16.4825
218,16.4735,2022-12-21 18:10:00,16.4745,16.469,16.473
219,16.4595,2022-12-21 18:15:00,16.475,16.459,16.475
220,16.4505,2022-12-21 18:20:00,16.463,16.4505,16.461
221,16.443,2022-12-21 18:25:00,16.45,16.44,16.45
222,16.4615,2022-12-21 18:30:00,16.4615,16.442,16.4425
223,16.4635,2022-12-21 18:35:00,16.492,16.4615,16.4705
224,16.4465,2022-12-21 18:40:00,16.464,16.44,16.464
225,16.4465,2022-12-21 18:45:00,16.4495,16.444,16.447
226,16.438,2022-12-21 18:50:00,16.4465,16.432,16.443
227,16.434,2022-12-21 18:55:00,16.4375,16.434,16.437
228,16.4725,2022-12-21 19:00:00,16.4725,16.4345,16.4375
229,16.4655,2022-12-21 19:05:00,16.4705,16.465,16.4675
230,16.4565,2022-12-21 19:10:00,16.4655,16.4535,16.465
231,16.449,2022-12-21 19:15:00,16.4625,16.446,16.458
232,16.447,2022-12-21 19:20:00,16.4625,16.4425,16.4495
233,16.4505,2022-12-21 19:25:00,16.4505,16.4485,16.4485
234,16.476,2022-12-21 19:30:00,16.478,16.45,16.45
235,16.4705,2022-12-21 19:35:00,16.476,16.4685,16.4755
236,16.4745,2022-12-21 19:40:00,16.4745,16.47,16.47
237,16.49,2022-12-21 19:45:00,16.496,16.4745,16.491
238,16.4465,2022-12-21 19:50:00,16.49,16.445,16.4895
239,16.4395,2022-12-21 19:55:00,16.45,16.4065,16.448
240,16.399,2022-12-21 20:00:00,16.4395,16.399,16.439
241,16.3865,2022-12-21 20:05:00,16.407,16.386,16.3995
242,16.4315,2022-12-21 20:10:00,16.4315,16.3865,16.388
243,16.4785,2022-12-21 20:15:00,16.4805,16.4405,16.4405
244,16.5045,2022-12-21 20:20:00,16.5075,16.4775,16.479
245,16.499,2022-12-21 20:25:00,16.5265,16.487,16.5035
246,16.498,2022-12-21 20:30:00,16.508,16.489,16.498
247,16.5495,2022-12-21 20:35:00,16.5495,16.498,16.4995
248,16.549,2022-12-21 20:40:00,16.562,16.542,16.547
249,16.517,2022-12-21 20:45:00,16.5465,16.517,16.5465
250,16.5395,2022-12-21 20:50:00,16.5625,16.517,16.5185
251,16.575,2022-12-21 20:55:00,16.579,16.5355,16.539
252,16.575,2022-12-21 21:00:00,16.5815,16.5675,16.5685
253,16.5815,2022-12-21 21:05:00,16.5815,16.575,16.5755
254,16.636,2022-12-21 21:10:00,16.638,16.5815,16.5925
255,16.5955,2022-12-21 21:15:00,16.6385,16.592,16.6385
256,16.5965,2022-12-21 21:20:00,16.598,16.58,16.5945
257,16.59,2022-12-21 21:25:00,16.5965,16.59,16.596
258,16.5885,2022-12-21 21:30:00,16.6045,16.578,16.5815
259,16.575,2022-12-21 21:35:00,16.588,16.5745,16.588
260,16.5685,2022-12-21 21:40:00,16.576,16.5685,16.5755
261,16.5645,2022-12-21 21:45:00,16.568,16.5595,16.568
262,16.5705,2022-12-21 21:50:00,16.576999999999998,16.5625,16.564
263,16.607,2022-12-21 21:55:00,16.617,16.5705,16.571
264,16.631,2022-12-21 22:00:00,16.648,16.6075,16.6115
265,16.599,2022-12-21 22:05:00,16.6305,16.5955,16.6305
266,16.583,2022-12-21 22:10:00,16.599,16.576,16.59
267,16.582,2022-12-21 22:15:00,16.596,16.582,16.5845
268,16.5825,2022-12-21 22:20:00,16.6015,16.5815,16.5815
269,16.5705,2022-12-21 22:25:00,16.583,16.5685,16.583
270,16.5685,2022-12-21 22:30:00,16.571,16.564,16.571
271,16.5645,2022-12-21 22:35:00,16.5725,16.564,16.568
272,16.5705,2022-12-21 22:40:00,16.571,16.5585,16.5685
273,16.5715,2022-12-21 22:45:00,16.5835,16.564,16.5815
274,16.5605,2022-12-21 22:50:00,16.571,16.56,16.571
275,16.567,2022-12-21 22:55:00,16.569,16.5585,16.5595
276,16.5635,2022-12-21 23:00:00,16.5715,16.559,16.5675
277,16.569,2022-12-21 23:05:00,16.57,16.5585,16.563
278,16.608,2022-12-21 23:10:00,16.6145,16.5685,16.5695
279,16.5895,2022-12-21 23:15:00,16.608,16.581,16.6025
280,16.584,2022-12-21 23:20:00,16.597,16.569,16.5925
281,16.572,2022-12-21 23:25:00,16.5835,16.571,16.5835
282,16.573,2022-12-21 23:30:00,16.5765,16.572,16.573
283,16.59,2022-12-21 23:35:00,16.5905,16.5725,16.5725
284,16.588,2022-12-21 23:40:00,16.6065,16.58,16.5895
285,16.644,2022-12-21 23:45:00,16.659,16.585,16.585
286,16.6095,2022-12-21 23:50:00,16.6525,16.6085,16.6415
287,16.6735,2022-12-21 23:55:00,16.691,16.611,16.611
288,16.6745,2022-12-22 00:00:00,16.784,16.643,16.666
289,16.632,2022-12-22 00:05:00,16.692,16.627,16.676
290,16.5945,2022-12-22 00:10:00,16.65,16.585,16.634
291,16.5735,2022-12-22 00:15:00,16.5935,16.5585,16.5935
292,16.569,2022-12-22 00:20:00,16.5825,16.5665,16.5785
293,16.6505,2022-12-22 00:25:00,16.6505,16.5685,16.5685
294,16.5895,2022-12-22 00:30:00,16.6475,16.5865,16.6475
295,16.6085,2022-12-22 00:35:00,16.6185,16.581,16.5905
296,16.599,2022-12-22 00:40:00,16.625,16.5865,16.619
297,16.591,2022-12-22 00:45:00,16.611,16.5895,16.5985
298,16.5985,2022-12-22 00:50:00,16.610500000000002,16.572,16.5895
299,16.6285,2022-12-22 00:55:00,16.639,16.598,16.598
300,16.6405,2022-12-22 01:00:00,16.6425,16.6025,16.6295
301,16.621,2022-12-22 01:05:00,16.6405,16.612,16.64
302,16.63,2022-12-22 01:10:00,16.6595,16.6245,16.6245
303,16.612,2022-12-22 01:15:00,16.6335,16.5975,16.633
304,16.609,2022-12-22 01:20:00,16.611,16.5975,16.611
305,16.586,2022-12-22 01:25:00,16.609,16.586,16.6085
306,16.5705,2022-12-22 01:30:00,16.5945,16.5605,16.5945
307,16.56,2022-12-22 01:35:00,16.562,16.5505,16.561
308,16.553,2022-12-22 01:40:00,16.5605,16.553,16.5605
309,16.547,2022-12-22 01:45:00,16.5535,16.546,16.5535
310,16.5165,2022-12-22 01:50:00,16.549,16.5165,16.549
311,16.491,2022-12-22 01:55:00,16.5155,16.4755,16.5155
312,16.4785,2022-12-22 02:00:00,16.497,16.4765,16.4915
313,16.478,2022-12-22 02:05:00,16.4805,16.463,16.473
314,16.4915,2022-12-22 02:10:00,16.4915,16.4675,16.4785
315,16.4895,2022-12-22 02:15:00,16.4955,16.483,16.4905
316,16.498,2022-12-22 02:20:00,16.501,16.4885,16.49
317,16.5135,2022-12-22 02:25:00,16.5165,16.4985,16.4985
318,16.519,2022-12-22 02:30:00,16.54,16.5135,16.5145
319,16.5395,2022-12-22 02:35:00,16.5435,16.519,16.521
320,16.5695,2022-12-22 02:40:00,16.5735,16.5395,16.54
321,16.5515,2022-12-22 02:45:00,16.571,16.5505,16.57
322,16.554,2022-12-22 02:50:00,16.5565,16.5505,16.551
323,16.5555,2022-12-22 02:55:00,16.5565,16.5505,16.551
324,16.5375,2022-12-22 03:00:00,16.5725,16.5355,16.5545
325,16.5245,2022-12-22 03:05:00,16.537,16.5245,16.537
326,16.512,2022-12-22 03:10:00,16.5245,16.497,16.508
327,16.4945,2022-12-22 03:15:00,16.512,16.4925,16.511
328,16.4875,2022-12-22 03:20:00,16.4945,16.4795,16.494
329,16.471,2022-12-22 03:25:00,16.4875,16.4705,16.487
330,16.5125,2022-12-22 03:30:00,16.5135,16.471,16.4715
331,16.469,2022-12-22 03:35:00,16.5085,16.462,16.5085
332,16.484,2022-12-22 03:40:00,16.484,16.468,16.4685
333,16.49,2022-12-22 03:45:00,16.49,16.483,16.485500000000002
334,16.5005,2022-12-22 03:50:00,16.5015,16.4925,16.4925
335,16.5185,2022-12-22 03:55:00,16.535,16.5005,16.5035
336,16.5695,2022-12-22 04:00:00,16.626,16.518,16.518
337,16.5585,2022-12-22 04:05:00,16.5725,16.5585,16.57
338,16.536,2022-12-22 04:10:00,16.5595,16.532,16.5595
339,16.576,2022-12-22 04:15:00,16.5765,16.5355,16.5355
340,16.5645,2022-12-22 04:20:00,16.5835,16.563,16.5765
341,16.572,2022-12-22 04:25:00,16.5745,16.5655,16.566
342,16.5535,2022-12-22 04:30:00,16.572,16.547,16.5695
343,16.539,2022-12-22 04:35:00,16.5535,16.539,16.553
344,16.534,2022-12-22 04:40:00,16.54,16.5315,16.5385
345,16.529,2022-12-22 04:45:00,16.532,16.52,16.532
346,16.496,2022-12-22 04:50:00,16.5285,16.496,16.5285
347,16.4885,2022-12-22 04:55:00,16.496,16.482,16.49
348,16.4865,2022-12-22 05:00:00,16.488,16.481,16.483
349,16.506,2022-12-22 05:05:00,16.507,16.4795,16.4825
350,16.531,2022-12-22 05:10:00,16.538,16.506,16.5065
351,16.5535,2022-12-22 05:15:00,16.5535,16.53,16.5345
352,16.549,2022-12-22 05:20:00,16.5575,16.5405,16.553
353,16.539,2022-12-22 05:25:00,16.5525,16.539,16.5425
354,16.531,2022-12-22 05:30:00,16.555,16.5275,16.54
355,16.563,2022-12-22 05:35:00,16.5715,16.53,16.5305
356,16.5495,2022-12-22 05:40:00,16.5795,16.5495,16.5625
357,16.565,2022-12-22 05:45:00,16.566,16.5445,16.5505
358,16.5415,2022-12-22 05:50:00,16.576,16.54,16.575
359,16.5395,2022-12-22 05:55:00,16.548000000000002,16.539,16.542
360,16.5655,2022-12-22 06:00:00,16.5665,16.538,16.5385
361,16.52,2022-12-22 06:05:00,16.5655,16.52,16.5625
362,16.522,2022-12-22 06:10:00,16.526,16.515,16.5195
363,16.535,2022-12-22 06:15:00,16.5415,16.522,16.5235
364,16.557,2022-12-22 06:20:00,16.564,16.5365,16.5365
365,16.536,2022-12-22 06:25:00,16.5565,16.535,16.5565
366,16.546,2022-12-22 06:30:00,16.546,16.5215,16.5355
367,16.526,2022-12-22 06:35:00,16.5485,16.5235,16.5455
368,16.545,2022-12-22 06:40:00,16.545,16.5195,16.5205
369,16.5495,2022-12-22 06:45:00,16.558,16.542,16.5445
370,16.5465,2022-12-22 06:50:00,16.5495,16.5435,16.549
371,16.526,2022-12-22 06:55:00,16.5465,16.524,16.5415
372,16.482,2022-12-22 07:00:00,16.526,16.4695,16.5255
373,16.475,2022-12-22 07:05:00,16.4905,16.4725,16.483
374,16.525,2022-12-22 07:10:00,16.5265,16.475,16.4755
375,16.5315,2022-12-22 07:15:00,16.5315,16.512,16.5235
376,16.538,2022-12-22 07:20:00,16.541,16.5295,16.532
377,16.506,2022-12-22 07:25:00,16.538,16.506,16.5375
378,16.4885,2022-12-22 07:30:00,16.5115,16.4795,16.508
379,16.509,2022-12-22 07:35:00,16.512,16.481,16.489
380,16.5475,2022-12-22 07:40:00,16.5475,16.509,16.5105
381,16.531,2022-12-22 07:45:00,16.548000000000002,16.53,16.5385
382,16.536,2022-12-22 07:50:00,16.5365,16.526,16.5305
383,16.5275,2022-12-22 07:55:00,16.5365,16.5255,16.5365
384,16.5015,2022-12-22 08:00:00,16.559,16.498,16.5285
385,16.491,2022-12-22 08:05:00,16.508,16.4755,16.502
386,16.49,2022-12-22 08:10:00,16.491,16.474,16.4825
387,16.485500000000002,2022-12-22 08:15:00,16.49,16.4845,16.4895
388,16.525,2022-12-22 08:20:00,16.535,16.491,16.492
389,16.5275,2022-12-22 08:25:00,16.532,16.5165,16.524
390,16.5375,2022-12-22 08:30:00,16.542,16.5225,16.524
391,16.5415,2022-12-22 08:35:00,16.5545,16.5255,16.5315
392,16.52,2022-12-22 08:40:00,16.542,16.513,16.541
393,16.506,2022-12-22 08:45:00,16.528,16.5,16.528
394,16.5185,2022-12-22 08:50:00,16.5215,16.514,16.5155
395,16.511,2022-12-22 08:55:00,16.5185,16.5085,16.518
396,16.4995,2022-12-22 09:00:00,16.5125,16.495,16.5115
397,16.4815,2022-12-22 09:05:00,16.49,16.4745,16.486
398,16.485,2022-12-22 09:10:00,16.5015,16.4785,16.481
399,16.486,2022-12-22 09:15:00,16.4995,16.4815,16.483
400,16.4775,2022-12-22 09:20:00,16.494,16.4775,16.4875
401,16.4885,2022-12-22 09:25:00,16.4895,16.476,16.478
402,16.4795,2022-12-22 09:30:00,16.502,16.4785,16.487
403,16.542,2022-12-22 09:35:00,16.55,16.4795,16.4805
404,16.5545,2022-12-22 09:40:00,16.572,16.5425,16.5425
405,16.542,2022-12-22 09:45:00,16.5525,16.5385,16.55
406,16.5545,2022-12-22 09:50:00,16.5605,16.545,16.545
407,16.562,2022-12-22 09:55:00,16.5635,16.5505,16.554
408,16.5895,2022-12-22 10:00:00,16.5895,16.5575,16.5615
409,16.59,2022-12-22 10:05:00,16.606,16.58,16.591
410,16.5445,2022-12-22 10:10:00,16.59,16.5445,16.5845
411,16.547,2022-12-22 10:15:00,16.5555,16.537,16.5455
412,16.5475,2022-12-22 10:20:00,16.5495,16.5425,16.5475
413,16.542,2022-12-22 10:25:00,16.5485,16.542,16.547
414,16.56,2022-12-22 10:30:00,16.5665,16.544,16.544
415,16.5315,2022-12-22 10:35:00,16.5595,16.519,16.5595
416,16.4205,2022-12-22 10:40:00,16.5315,16.416,16.5255
417,16.449,2022-12-22 10:45:00,16.452,16.4205,16.4285
418,16.4445,2022-12-22 10:50:00,16.45,16.4405,16.4495
419,16.446,2022-12-22 10:55:00,16.4465,16.434,16.4415
420,16.4565,2022-12-22 11:00:00,16.463,16.4445,16.453
421,16.459,2022-12-22 11:05:00,16.4605,16.456,16.456
422,16.481,2022-12-22 11:10:00,16.481,16.462,16.462
423,16.451,2022-12-22 11:15:00,16.4825,16.4505,16.482
424,16.4325,2022-12-22 11:20:00,16.451,16.429,16.4505
425,16.3945,2022-12-22 11:25:00,16.4305,16.3765,16.4305
426,16.432,2022-12-22 11:30:00,16.465,16.396,16.396
427,16.451,2022-12-22 11:35:00,16.485500000000002,16.421,16.433
428,16.449,2022-12-22 11:40:00,16.4525,16.4375,16.4455
429,16.4585,2022-12-22 11:45:00,16.48,16.4485,16.4485
430,16.4355,2022-12-22 11:50:00,16.4625,16.4305,16.459
431,16.439,2022-12-22 11:55:00,16.44,16.4325,16.435
432,16.4665,2022-12-22 12:00:00,16.4745,16.439,16.4395
433,16.4525,2022-12-22 12:05:00,16.466,16.45,16.466
434,16.455,2022-12-22 12:10:00,16.455,16.4525,16.453
435,16.4965,2022-12-22 12:15:00,16.512,16.452,16.4525
436,16.4705,2022-12-22 12:20:00,16.494,16.47,16.485500000000002
437,16.487,2022-12-22 12:25:00,16.494,16.462,16.462
438,16.46,2022-12-22 12:30:00,16.491,16.456,16.4875
439,16.4525,2022-12-22 12:35:00,16.467,16.4525,16.455
440,16.46,2022-12-22 12:40:00,16.4605,16.4485,16.453
441,16.471,2022-12-22 12:45:00,16.475,16.4605,16.4605
442,16.4715,2022-12-22 12:50:00,16.488,16.456,16.4595
443,16.4445,2022-12-22 12:55:00,16.4705,16.444,16.4705
444,16.441,2022-12-22 13:00:00,16.4565,16.436,16.444
445,16.4,2022-12-22 13:05:00,16.453,16.388,16.4415
446,16.3865,2022-12-22 13:10:00,16.408,16.3855,16.408
447,16.397,2022-12-22 13:15:00,16.4045,16.35,16.383
448,16.386,2022-12-22 13:20:00,16.3975,16.3845,16.3975
449,16.407,2022-12-22 13:25:00,16.4075,16.386,16.3945
450,16.3395,2022-12-22 13:30:00,16.407,16.26,16.4005
451,16.332,2022-12-22 13:35:00,16.3365,16.306,16.3345
452,16.2935,2022-12-22 13:40:00,16.35,16.2815,16.3325
453,16.28,2022-12-22 13:45:00,16.2955,16.2595,16.2725
454,16.299,2022-12-22 13:50:00,16.3145,16.2785,16.282
455,16.3045,2022-12-22 13:55:00,16.308,16.2865,16.2985
456,16.324,2022-12-22 14:00:00,16.326,16.2995,16.3005
457,16.3235,2022-12-22 14:05:00,16.333,16.307,16.3255
458,16.311,2022-12-22 14:10:00,16.336,16.3105,16.324
459,16.329,2022-12-22 14:15:00,16.3295,16.313,16.313
460,16.3365,2022-12-22 14:20:00,16.342,16.326,16.332
461,16.326,2022-12-22 14:25:00,16.337,16.3235,16.336
462,16.178,2022-12-22 14:30:00,16.328,16.13,16.3185
463,16.1795,2022-12-22 14:35:00,16.2,16.152,16.1685
464,16.192,2022-12-22 14:40:00,16.206,16.1635,16.179
465,16.151,2022-12-22 14:45:00,16.206,16.144,16.206
466,16.142,2022-12-22 14:50:00,16.1655,16.1375,16.155
467,16.153,2022-12-22 14:55:00,16.159,16.1305,16.1395
468,16.126,2022-12-22 15:00:00,16.1725,16.102,16.151
469,16.0945,2022-12-22 15:05:00,16.1255,16.062,16.1255
470,16.12,2022-12-22 15:10:00,16.125,16.0655,16.094
471,16.1435,2022-12-22 15:15:00,16.146,16.1095,16.124
472,16.1355,2022-12-22 15:20:00,16.1425,16.121,16.1425
473,16.125,2022-12-22 15:25:00,16.1425,16.113,16.1325
474,16.1045,2022-12-22 15:30:00,16.125,16.094,16.1205
475,16.088,2022-12-22 15:35:00,16.116,16.0835,16.105
476,16.0815,2022-12-22 15:40:00,16.093,16.074,16.0875
477,16.0855,2022-12-22 15:45:00,16.093,16.0675,16.081
478,16.057,2022-12-22 15:50:00,16.0855,16.055,16.081
479,16.0595,2022-12-22 15:55:00,16.0595,16.0385,16.056
480,16.0895,2022-12-22 16:00:00,16.0975,16.05,16.0545
481,16.1065,2022-12-22 16:05:00,16.1175,16.0875,16.0915
482,16.06,2022-12-22 16:10:00,16.1065,16.053,16.106
483,16.0675,2022-12-22 16:15:00,16.073,16.051,16.0595
484,16.0735,2022-12-22 16:20:00,16.0735,16.0345,16.058
485,16.06,2022-12-22 16:25:00,16.0745,16.0585,16.0725
486,16.093,2022-12-22 16:30:00,16.096,16.047,16.0525
487,16.09,2022-12-22 16:35:00,16.096,16.079,16.0955
488,16.087,2022-12-22 16:40:00,16.0895,16.067,16.0785
489,16.094,2022-12-22 16:45:00,16.097,16.0675,16.0865
490,16.1035,2022-12-22 16:50:00,16.104,16.0955,16.0955
491,16.084,2022-12-22 16:55:00,16.104,16.078,16.104
492,16.085,2022-12-22 17:00:00,16.086,16.07,16.0845
493,16.0855,2022-12-22 17:05:00,16.087,16.0715,16.084
494,16.0575,2022-12-22 17:10:00,16.0875,16.0575,16.0865
495,16.021,2022-12-22 17:15:00,16.062,16.018,16.0615
496,15.9985,2022-12-22 17:20:00,16.02,15.987,16.019
497,15.9875,2022-12-22 17:25:00,15.9985,15.9815,15.9925
498,15.929,2022-12-22 17:30:00,15.993500000000001,15.916,15.9845
499,15.913,2022-12-22 17:35:00,15.939,15.911,15.939
500,15.944,2022-12-22 17:40:00,15.944,15.8895,15.9125
501,15.953,2022-12-22 17:45:00,15.9665,15.9355,15.939
502,15.938,2022-12-22 17:50:00,15.957,15.9225,15.957
503,15.926,2022-12-22 17:55:00,15.9555,15.926,15.9385
504,15.9355,2022-12-22 18:00:00,15.936,15.9135,15.9255
505,15.9655,2022-12-22 18:05:00,15.9655,15.936,15.936
506,15.984,2022-12-22 18:10:00,15.9855,15.9575,15.965
507,15.9975,2022-12-22 18:15:00,15.9975,15.979,15.9825
508,15.975,2022-12-22 18:20:00,15.9975,15.973,15.997
509,15.986,2022-12-22 18:25:00,15.986,15.9735,15.9735
510,15.9685,2022-12-22 18:30:00,15.986,15.966,15.9855
511,15.984,2022-12-22 18:35:00,15.984,15.967,15.969
512,15.995,2022-12-22 18:40:00,15.996,15.9695,15.975999999999999
513,15.9825,2022-12-22 18:45:00,15.995,15.9805,15.9945
514,15.9635,2022-12-22 18:50:00,15.9815,15.9595,15.9815
515,15.9725,2022-12-22 18:55:00,15.9725,15.964,15.964
516,15.9835,2022-12-22 19:00:00,15.988,15.9725,15.973
517,15.987,2022-12-22 19:05:00,15.99,15.983,15.983
518,16.016,2022-12-22 19:10:00,16.016,15.987,15.9875
519,16.019,2022-12-22 19:15:00,16.019,16.0095,16.015
520,16.022,2022-12-22 19:20:00,16.023,16.018,16.0185
521,16.038,2022-12-22 19:25:00,16.038,16.022,16.0225
522,16.0575,2022-12-22 19:30:00,16.06,16.0345,16.0375
523,16.0425,2022-12-22 19:35:00,16.057,16.0365,16.057
524,16.0425,2022-12-22 19:40:00,16.0425,16.041,16.0415
525,16.0365,2022-12-22 19:45:00,16.043,16.0105,16.043
526,16.0155,2022-12-22 19:50:00,16.0365,16.014,16.0355
527,16.017,2022-12-22 19:55:00,16.0195,16.015,16.016
528,16.016,2022-12-22 20:00:00,16.0195,16.0085,16.0175
529,16.0195,2022-12-22 20:05:00,16.0195,16.015,16.0155
530,16.0475,2022-12-22 20:10:00,16.0475,16.0195,16.032
531,16.078,2022-12-22 20:15:00,16.078,16.044,16.047
532,16.262,2022-12-22 20:20:00,16.321,16.0705,16.0795
533,16.2145,2022-12-22 20:25:00,16.269,16.1855,16.2505
534,16.21,2022-12-22 20:30:00,16.27,16.2045,16.218
535,16.1795,2022-12-22 20:35:00,16.2495,16.171,16.2045
536,16.1965,2022-12-22 20:40:00,16.2105,16.1785,16.1825
537,16.231,2022-12-22 20:45:00,16.234,16.1955,16.197
538,16.22,2022-12-22 20:50:00,16.2445,16.218,16.232
539,16.224,2022-12-22 20:55:00,16.2245,16.209,16.212
540,16.2395,2022-12-22 21:00:00,16.2495,16.225,16.225
541,16.239,2022-12-22 21:05:00,16.24,16.22,16.2245
542,16.2375,2022-12-22 21:10:00,16.239,16.226,16.2385
543,16.245,2022-12-22 21:15:00,16.248,16.238,16.238
544,16.248,2022-12-22 21:20:00,16.2575,16.245,16.2455
545,16.2725,2022-12-22 21:25:00,16.274,16.247,16.2475
546,16.2845,2022-12-22 21:30:00,16.289,16.268,16.275
547,16.271,2022-12-22 21:35:00,16.285,16.2585,16.285
548,16.2645,2022-12-22 21:40:00,16.2775,16.2595,16.2775
549,16.2605,2022-12-22 21:45:00,16.2765,16.2575,16.265
550,16.279,2022-12-22 21:50:00,16.281,16.2605,16.2655
551,16.288,2022-12-22 21:55:00,16.311,16.277,16.277
552,16.322,2022-12-22 22:00:00,16.323,16.286,16.2885
553,16.3205,2022-12-22 22:05:00,16.324,16.309,16.3225
554,16.3345,2022-12-22 22:10:00,16.3345,16.318,16.318
555,16.332,2022-12-22 22:15:00,16.3345,16.332,16.332
556,16.3255,2022-12-22 22:20:00,16.332,16.325,16.3315
557,16.3115,2022-12-22 22:25:00,16.327,16.307,16.327
558,16.322,2022-12-22 22:30:00,16.322,16.307,16.307
559,16.323,2022-12-22 22:35:00,16.329,16.3205,16.326
560,16.3075,2022-12-22 22:40:00,16.3265,16.3075,16.322
561,16.273,2022-12-22 22:45:00,16.307,16.2725,16.307
562,16.284,2022-12-22 22:50:00,16.285,16.2725,16.2745
563,16.3125,2022-12-22 22:55:00,16.315,16.2845,16.2845
564,16.323,2022-12-22 23:00:00,16.3295,16.2995,16.31
565,16.368,2022-12-22 23:05:00,16.37,16.322,16.3235
566,16.3755,2022-12-22 23:10:00,16.396,16.358,16.3685
567,16.408,2022-12-22 23:15:00,16.4085,16.374,16.376
568,16.4155,2022-12-22 23:20:00,16.4155,16.394,16.3985
569,16.4715,2022-12-22 23:25:00,16.475,16.4395,16.4505
570,16.4455,2022-12-22 23:30:00,16.4905,16.4335,16.472
571,16.4635,2022-12-22 23:35:00,16.4715,16.4455,16.447
572,16.468,2022-12-22 23:40:00,16.47,16.458,16.463
573,16.535,2022-12-22 23:45:00,16.5355,16.4675,16.4675
574,16.533,2022-12-22 23:50:00,16.5455,16.528,16.5345
575,16.528,2022-12-22 23:55:00,16.548000000000002,16.521,16.529
576,16.5105,2022-12-23 00:00:00,16.5305,16.5105,16.5295
